{"bursts_dict": {"6": {"status": "finished", "disk_size": 8833, "name": "simulation_6", "finish_time": "2014-03-28,14-20-12.446006", "start_time": "2014-03-28,14-18-23.520835", "error_message": null, "--BI_workflows--": [{"status": "finished", "fk_project": 2, "--WI_view_steps--": [{"user_dynamic_param": null, "_static_param": "{}", "tab_index": 0, "--WVSI_algorighm_info--": {"identifier": null, "init_param": null, "class": "PCA", "module": "tvb.adapters.visualizers.pca"}, "--WSI_portlet_id--": "PCA", "fk_portlet": 15, "_dynamic_param": "{\"pca\": {\"datatype_idx\": 0, \"step_index\": 1}}", "fk_workflow": 6, "ui_name": "Principal Components Analysis", "index_in_tab": 0, "fk_algorithm": 80}], "fk_burst": 6, "--WI_workflow_steps--": [{"--WVSI_operation_gid--": "0eb37757-b673-11e3-928f-3c075431bf56", "user_dynamic_param": null, "_static_param": "\"{\\\"\\\": \\\"\\\", \\\"model_parameters_option_Generic2dOscillator_state_variable_range_parameters_W\\\": \\\"[-6.  6.]\\\", \\\"integrator\\\": \\\"HeunDeterministic\\\", \\\"surface\\\": \\\"\\\", \\\"model_parameters_option_Generic2dOscillator_I\\\": \\\"[0.0]\\\", \\\"simulation_length\\\": \\\"1000.0\\\", \\\"monitors_parameters_option_TemporalAverage_period\\\": \\\"0.9765625\\\", \\\"stimulus\\\": \\\"\\\", \\\"monitors\\\": [\\\"TemporalAverage\\\", \\\"EEG\\\", \\\"SphericalEEG\\\"], \\\"monitors_parameters_option_EEG_period\\\": \\\"0.9765625\\\", \\\"model_parameters_option_Generic2dOscillator_beta\\\": \\\"[1.0]\\\", \\\"conduction_speed\\\": \\\"3.0\\\", \\\"model_parameters_option_Generic2dOscillator_a\\\": \\\"[-2.0]\\\", \\\"model_parameters_option_Generic2dOscillator_b\\\": \\\"[-10.0]\\\", \\\"model_parameters_option_Generic2dOscillator_c\\\": \\\"[0.0]\\\", \\\"model_parameters_option_Generic2dOscillator_d\\\": \\\"[0.02]\\\", \\\"model_parameters_option_Generic2dOscillator_noise_parameters_option_Noise_random_stream_parameters_option_RandomStream_init_seed\\\": \\\"42\\\", \\\"model_parameters_option_Generic2dOscillator_f\\\": \\\"[1.0]\\\", \\\"model_parameters_option_Generic2dOscillator_g\\\": \\\"[0.0]\\\", \\\"model_parameters_option_Generic2dOscillator_noise\\\": \\\"Noise\\\", \\\"connectivity\\\": \\\"c9e198d7-b656-11e3-b7ea-3c075431bf56\\\", \\\"model_parameters_option_Generic2dOscillator_noise_parameters_option_Noise_random_stream\\\": \\\"RandomStream\\\", \\\"monitors_parameters_option_SphericalEEG_sensors\\\": \\\"cafa75d1-b656-11e3-8b02-3c075431bf56\\\", \\\"range_1\\\": \\\"0\\\", \\\"range_2\\\": \\\"0\\\", \\\"coupling_parameters_option_Linear_b\\\": \\\"[0.0]\\\", \\\"model_parameters_option_Generic2dOscillator_noise_parameters_option_Noise_ntau\\\": \\\"0.0\\\", \\\"coupling_parameters_option_Linear_a\\\": \\\"[0.00390625]\\\", \\\"model_parameters_option_Generic2dOscillator_state_variable_range_parameters_V\\\": \\\"[-2.  4.]\\\", \\\"coupling\\\": \\\"Linear\\\", \\\"integrator_parameters_option_HeunDeterministic_dt\\\": \\\"0.01220703125\\\", \\\"model_parameters_option_Generic2dOscillator_alpha\\\": \\\"[1.0]\\\", \\\"currentAlgoId\\\": 62, \\\"model_parameters_option_Generic2dOscillator_tau\\\": \\\"[1.0]\\\", \\\"model_parameters_option_Generic2dOscillator_e\\\": \\\"[3.0]\\\", \\\"monitors_parameters_option_SphericalEEG_sigma\\\": \\\"1.0\\\", \\\"model_parameters_option_Generic2dOscillator_variables_of_interest\\\": [\\\"V\\\"], \\\"monitors_parameters_option_EEG_projection_matrix_data\\\": \\\"d6092914-b656-11e3-bc35-3c075431bf56\\\", \\\"monitors_parameters_option_SphericalEEG_period\\\": \\\"0.9765625\\\", \\\"model\\\": \\\"Generic2dOscillator\\\"}\"", "tab_index": null, "--WVSI_algorighm_info--": {"identifier": null, "init_param": null, "class": "SimulatorAdapter", "module": "tvb.adapters.simulator.simulator_adapter"}, "step_index": 0, "_dynamic_param": "null", "fk_workflow": 6, "fk_operation": 68, "index_in_tab": null, "fk_algorithm": 62}, {"--WVSI_operation_gid--": "0eba1d7d-b673-11e3-b1a3-3c075431bf56", "user_dynamic_param": null, "_static_param": "{}", "tab_index": 0, "--WVSI_algorighm_info--": {"identifier": null, "init_param": null, "class": "PCAAdapter", "module": "tvb.adapters.analyzers.pca_adapter"}, "step_index": 1, "_dynamic_param": "{\"time_series\": {\"datatype_idx\": 0, \"step_index\": 0}}", "fk_workflow": 6, "fk_operation": 69, "index_in_tab": 0, "fk_algorithm": 13}]}], "fk_project": 2, "datatypes_number": 5, "_simulator_configuration": "{\"\": {\"checked\": false, \"value\": \"\"}, \"model_parameters_option_Generic2dOscillator_state_variable_range_parameters_W\": {\"checked\": false, \"value\": \"[-6.  6.]\"}, \"integrator\": {\"checked\": false, \"value\": \"HeunDeterministic\"}, \"surface\": {\"checked\": false, \"value\": \"\"}, \"model_parameters_option_Generic2dOscillator_I\": {\"checked\": false, \"value\": \"[0.0]\"}, \"simulation_length\": {\"checked\": false, \"value\": \"1000.0\"}, \"monitors_parameters_option_TemporalAverage_period\": {\"checked\": false, \"value\": \"0.9765625\"}, \"monitors\": {\"checked\": false, \"value\": [\"TemporalAverage\", \"EEG\", \"SphericalEEG\"]}, \"model_parameters_option_Generic2dOscillator_noise\": {\"checked\": false, \"value\": \"Noise\"}, \"monitors_parameters_option_EEG_period\": {\"checked\": false, \"value\": \"0.9765625\"}, \"model_parameters_option_Generic2dOscillator_beta\": {\"checked\": false, \"value\": \"[1.0]\"}, \"conduction_speed\": {\"checked\": false, \"value\": \"3.0\"}, \"model_parameters_option_Generic2dOscillator_a\": {\"checked\": false, \"value\": \"[-2.0]\"}, \"model_parameters_option_Generic2dOscillator_b\": {\"checked\": false, \"value\": \"[-10.0]\"}, \"model_parameters_option_Generic2dOscillator_c\": {\"checked\": false, \"value\": \"[0.0]\"}, \"model_parameters_option_Generic2dOscillator_tau\": {\"checked\": false, \"value\": \"[1.0]\"}, \"model_parameters_option_Generic2dOscillator_e\": {\"checked\": false, \"value\": \"[3.0]\"}, \"model_parameters_option_Generic2dOscillator_f\": {\"checked\": false, \"value\": \"[1.0]\"}, \"model_parameters_option_Generic2dOscillator_g\": {\"checked\": false, \"value\": \"[0.0]\"}, \"monitors_parameters_option_SphericalEEG_sigma\": {\"checked\": false, \"value\": \"1.0\"}, \"model_parameters_option_Generic2dOscillator_noise_parameters_option_Noise_random_stream_parameters_option_RandomStream_init_seed\": {\"checked\": false, \"value\": \"42\"}, \"model_parameters_option_Generic2dOscillator_d\": {\"checked\": false, \"value\": \"[0.02]\"}, \"connectivity\": {\"checked\": false, \"value\": \"c9e198d7-b656-11e3-b7ea-3c075431bf56\"}, \"model_parameters_option_Generic2dOscillator_noise_parameters_option_Noise_random_stream\": {\"checked\": false, \"value\": \"RandomStream\"}, \"monitors_parameters_option_SphericalEEG_sensors\": {\"checked\": false, \"value\": \"cafa75d1-b656-11e3-8b02-3c075431bf56\"}, \"range_1\": {\"value\": \"0\"}, \"range_2\": {\"value\": \"0\"}, \"coupling_parameters_option_Linear_b\": {\"checked\": false, \"value\": \"[0.0]\"}, \"model_parameters_option_Generic2dOscillator_noise_parameters_option_Noise_ntau\": {\"checked\": false, \"value\": \"0.0\"}, \"coupling_parameters_option_Linear_a\": {\"checked\": false, \"value\": \"[0.00390625]\"}, \"model_parameters_option_Generic2dOscillator_state_variable_range_parameters_V\": {\"checked\": false, \"value\": \"[-2.  4.]\"}, \"coupling\": {\"checked\": false, \"value\": \"Linear\"}, \"integrator_parameters_option_HeunDeterministic_dt\": {\"checked\": false, \"value\": \"0.01220703125\"}, \"stimulus\": {\"checked\": false, \"value\": \"\"}, \"currentAlgoId\": {\"checked\": false, \"value\": 62}, \"model_parameters_option_Generic2dOscillator_alpha\": {\"checked\": false, \"value\": \"[1.0]\"}, \"model_parameters_option_Generic2dOscillator_variables_of_interest\": {\"checked\": false, \"value\": [\"V\"]}, \"monitors_parameters_option_EEG_projection_matrix_data\": {\"checked\": false, \"value\": \"d6092914-b656-11e3-bc35-3c075431bf56\"}, \"monitors_parameters_option_SphericalEEG_period\": {\"checked\": false, \"value\": \"0.9765625\"}, \"model\": {\"checked\": false, \"value\": \"Generic2dOscillator\"}}", "workflows_number": 1}}, "dt_mapping": {"4f82e945-b673-11e3-8ff4-3c075431bf56": 6, "cac30bba-b656-11e3-8f45-3c075431bf56": null, "c9e198d7-b656-11e3-b7ea-3c075431bf56": null, "cab33230-b656-11e3-b0a4-3c075431bf56": null, "cafa75d1-b656-11e3-8b02-3c075431bf56": null, "cc2cc40a-b656-11e3-aa21-3c075431bf56": null, "dc06cd8a-b656-11e3-8a40-3c075431bf56": null, "1291b359-b673-11e3-bd57-3c075431bf56": 6, "1291cec5-b673-11e3-948d-3c075431bf56": 6, "c9fe51dc-b656-11e3-a16d-3c075431bf56": null, "ccdb9ed1-b656-11e3-9c8a-3c075431bf56": null, "cec1374f-b656-11e3-a925-3c075431bf56": null, "12919000-b673-11e3-860a-3c075431bf56": 6, "d087149c-b656-11e3-b8d3-3c075431bf56": null, "caa772eb-b656-11e3-bcdf-3c075431bf56": null, "d6092914-b656-11e3-bc35-3c075431bf56": null, "129316a8-b673-11e3-8234-3c075431bf56": 6}}