<?xml version="1.0" ?>
<tvb_data Data_version="2">
	<status>4-FINISHED</status>
	<range_values>None</range_values>
	<create_date>2014-03-28,10-56-32.556472</create_date>
	<parameters>{&quot;Data_Subject&quot;: &quot;John Doe&quot;, &quot;sensors&quot;: &quot;cafa75d1-b656-11e3-8b02-3c075431bf56&quot;, &quot;dataset_name&quot;: &quot;ProjectionMatrix&quot;, &quot;surface&quot;: &quot;c9fe51dc-b656-11e3-a16d-3c075431bf56&quot;, &quot;projection_file&quot;: &quot;/Users/lia.domide/Downloads/TVB_Distribution/tvb.app/Contents/Resources/lib/python2.7/demo_data/projectionMatrix/surface_reg_13_eeg_62.mat&quot;}</parameters>
	<fk_launched_in>c92bcc54-b656-11e3-99d6-3c075431bf56</fk_launched_in>
	<fk_from_algo>{&quot;classname&quot;: &quot;ProjectionMatrixSurfaceEEGImporter&quot;, &quot;identifier&quot;: null, &quot;init_parameter&quot;: null, &quot;module&quot;: &quot;tvb.adapters.uploaders.projection_matrix_importer&quot;}</fk_from_algo>
	<additional_info></additional_info>
	<method_name>launch</method_name>
	<visible>False</visible>
	<completion_date>2014-03-28,10-56-32.787888</completion_date>
	<meta_data>{&quot;Data_State&quot;: &quot;RAW_DATA&quot;}</meta_data>
	<user_group>2014-03-28,10-56-32</user_group>
	<result_disk_size>0</result_disk_size>
	<gid>dbfe4b2e-b656-11e3-a78b-3c075431bf56</gid>
	<start_date>2014-03-28,10-56-32.604482</start_date>
</tvb_data>
