<?xml version="1.0" ?>
<tvb_data Data_version="2">
	<status>4-FINISHED</status>
	<range_values>None</range_values>
	<create_date>2014-03-28,10-56-13.292405</create_date>
	<parameters>{&quot;data_file&quot;: &quot;/Users/lia.domide/Downloads/TVB_Distribution/tvb.app/Contents/Resources/lib/python2.7/demo_data/obj/face_surface.obj&quot;, &quot;surface_type&quot;: &quot;Face&quot;, &quot;Data_Subject&quot;: &quot;John Doe&quot;}</parameters>
	<fk_launched_in>c92bcc54-b656-11e3-99d6-3c075431bf56</fk_launched_in>
	<fk_from_algo>{&quot;classname&quot;: &quot;ObjSurfaceImporter&quot;, &quot;identifier&quot;: null, &quot;init_parameter&quot;: null, &quot;module&quot;: &quot;tvb.adapters.uploaders.obj_importer&quot;}</fk_from_algo>
	<additional_info></additional_info>
	<method_name>launch</method_name>
	<visible>False</visible>
	<completion_date>2014-03-28,10-56-19.494145</completion_date>
	<meta_data>{&quot;Data_State&quot;: &quot;RAW_DATA&quot;}</meta_data>
	<user_group>2014-03-28,10-56-13</user_group>
	<result_disk_size>0</result_disk_size>
	<gid>d082d49c-b656-11e3-bfa3-3c075431bf56</gid>
	<start_date>2014-03-28,10-56-13.312467</start_date>
</tvb_data>
