<?xml version="1.0" ?>
<tvb_data Data_version="2">
	<status>4-FINISHED</status>
	<range_values>None</range_values>
	<create_date>2014-03-28,10-56-02.327192</create_date>
	<parameters>{&quot;Data_Subject&quot;: &quot;John Doe&quot;, &quot;sensors_type&quot;: &quot;EEG Sensors&quot;, &quot;uid&quot;: &quot;eeg_62&quot;, &quot;sensors_file&quot;: &quot;/Users/lia.domide/Downloads/TVB_Distribution/tvb.app/Contents/Resources/lib/python2.7/demo_data/sensors/EEG_unit_vectors_BrainProducts_62.txt.bz2&quot;}</parameters>
	<fk_launched_in>c92bcc54-b656-11e3-99d6-3c075431bf56</fk_launched_in>
	<fk_from_algo>{&quot;classname&quot;: &quot;Sensors_Importer&quot;, &quot;identifier&quot;: null, &quot;init_parameter&quot;: null, &quot;module&quot;: &quot;tvb.adapters.uploaders.sensors_importer&quot;}</fk_from_algo>
	<additional_info></additional_info>
	<method_name>launch</method_name>
	<visible>True</visible>
	<completion_date>2014-03-28,10-56-04.077077</completion_date>
	<meta_data>{&quot;Data_State&quot;: &quot;RAW_DATA&quot;}</meta_data>
	<user_group>2014-03-28,10-56-04</user_group>
	<result_disk_size>0</result_disk_size>
	<gid>c9f9ac85-b656-11e3-a178-3c075431bf56</gid>
	<start_date>2014-03-28,10-56-03.997784</start_date>
</tvb_data>
