<?xml version="1.0" ?>
<tvb_data Data_version="2">
	<status>4-FINISHED</status>
	<range_values>None</range_values>
	<create_date>2014-03-28,10-56-22.493406</create_date>
	<parameters>{&quot;connectivity&quot;: &quot;c9e198d7-b656-11e3-b7ea-3c075431bf56&quot;, &quot;sensors&quot;: &quot;cafa75d1-b656-11e3-8b02-3c075431bf56&quot;, &quot;Data_Subject&quot;: &quot;John Doe&quot;, &quot;dataset_name&quot;: &quot;ProjectionMatrix&quot;, &quot;projection_file&quot;: &quot;/Users/lia.domide/Downloads/TVB_Distribution/tvb.app/Contents/Resources/lib/python2.7/demo_data/projectionMatrix/region_conn_74_eeg_1020_62.mat&quot;}</parameters>
	<fk_launched_in>c92bcc54-b656-11e3-99d6-3c075431bf56</fk_launched_in>
	<fk_from_algo>{&quot;classname&quot;: &quot;ProjectionMatrixRegionEEGImporter&quot;, &quot;identifier&quot;: null, &quot;init_parameter&quot;: null, &quot;module&quot;: &quot;tvb.adapters.uploaders.projection_matrix_importer&quot;}</fk_from_algo>
	<additional_info></additional_info>
	<method_name>launch</method_name>
	<visible>False</visible>
	<completion_date>2014-03-28,10-56-22.623449</completion_date>
	<meta_data>{&quot;Data_State&quot;: &quot;RAW_DATA&quot;}</meta_data>
	<user_group>2014-03-28,10-56-22</user_group>
	<result_disk_size>0</result_disk_size>
	<gid>d5fecadc-b656-11e3-8262-3c075431bf56</gid>
	<start_date>2014-03-28,10-56-22.545972</start_date>
</tvb_data>
