<?xml version="1.0" ?>
<tvb_data Data_version="2">
	<status>4-FINISHED</status>
	<range_values>None</range_values>
	<create_date>2014-03-28,14-18-23.581883</create_date>
	<parameters>{&quot;time_series&quot;: &quot;12919000-b673-11e3-860a-3c075431bf56&quot;}</parameters>
	<fk_launched_in>c92bcc54-b656-11e3-99d6-3c075431bf56</fk_launched_in>
	<fk_from_algo>{&quot;classname&quot;: &quot;PCAAdapter&quot;, &quot;identifier&quot;: null, &quot;init_parameter&quot;: null, &quot;module&quot;: &quot;tvb.adapters.analyzers.pca_adapter&quot;}</fk_from_algo>
	<additional_info></additional_info>
	<method_name>launch</method_name>
	<visible>True</visible>
	<completion_date>2014-03-28,14-20-12.400542</completion_date>
	<meta_data>{&quot;Data_State&quot;: &quot;INTERMEDIATE&quot;, &quot;Burst_Reference&quot;: 6}</meta_data>
	<user_group>2014-03-28,14-20-12</user_group>
	<result_disk_size>48.779296875</result_disk_size>
	<gid>0eba1d7d-b673-11e3-b1a3-3c075431bf56</gid>
	<start_date>2014-03-28,14-20-12.261503</start_date>
</tvb_data>
