<?xml version="1.0" ?>
<tvb_data Data_version="2">
	<status>4-FINISHED</status>
	<range_values>None</range_values>
	<create_date>2014-03-28,10-56-10.150608</create_date>
	<parameters>{&quot;uploaded&quot;: &quot;/Users/lia.domide/Downloads/TVB_Distribution/tvb.app/Contents/Resources/lib/python2.7/demo_data/surfaceData/eeg_skin_surface.zip&quot;, &quot;surface_type&quot;: &quot;EEG Cap&quot;, &quot;zero_based_triangles&quot;: &quot;1&quot;, &quot;Data_Subject&quot;: &quot;John Doe&quot;}</parameters>
	<fk_launched_in>c92bcc54-b656-11e3-99d6-3c075431bf56</fk_launched_in>
	<fk_from_algo>{&quot;classname&quot;: &quot;ZIPSurfaceImporter&quot;, &quot;identifier&quot;: null, &quot;init_parameter&quot;: null, &quot;module&quot;: &quot;tvb.adapters.uploaders.zip_surface_importer&quot;}</fk_from_algo>
	<additional_info></additional_info>
	<method_name>launch</method_name>
	<visible>False</visible>
	<completion_date>2014-03-28,10-56-10.432905</completion_date>
	<meta_data>{&quot;Data_State&quot;: &quot;RAW_DATA&quot;}</meta_data>
	<user_group>2014-03-28,10-56-10</user_group>
	<result_disk_size>0</result_disk_size>
	<gid>cea36e1e-b656-11e3-b352-3c075431bf56</gid>
	<start_date>2014-03-28,10-56-10.170476</start_date>
</tvb_data>
