<?xml version="1.0" ?>
<tvb_data Data_version="2">
	<status>4-FINISHED</status>
	<range_values>None</range_values>
	<create_date>2014-03-28,14-18-23.538306</create_date>
	<parameters>{&quot;&quot;: &quot;&quot;, &quot;model_parameters_option_Generic2dOscillator_state_variable_range_parameters_W&quot;: &quot;[-6.  6.]&quot;, &quot;integrator&quot;: &quot;HeunDeterministic&quot;, &quot;surface&quot;: &quot;&quot;, &quot;model_parameters_option_Generic2dOscillator_I&quot;: &quot;[0.0]&quot;, &quot;simulation_length&quot;: &quot;1000.0&quot;, &quot;monitors_parameters_option_TemporalAverage_period&quot;: &quot;0.9765625&quot;, &quot;stimulus&quot;: &quot;&quot;, &quot;monitors&quot;: [&quot;TemporalAverage&quot;, &quot;EEG&quot;, &quot;SphericalEEG&quot;], &quot;monitors_parameters_option_EEG_period&quot;: &quot;0.9765625&quot;, &quot;model_parameters_option_Generic2dOscillator_beta&quot;: &quot;[1.0]&quot;, &quot;conduction_speed&quot;: &quot;3.0&quot;, &quot;model_parameters_option_Generic2dOscillator_a&quot;: &quot;[-2.0]&quot;, &quot;model_parameters_option_Generic2dOscillator_b&quot;: &quot;[-10.0]&quot;, &quot;model_parameters_option_Generic2dOscillator_c&quot;: &quot;[0.0]&quot;, &quot;model_parameters_option_Generic2dOscillator_d&quot;: &quot;[0.02]&quot;, &quot;model_parameters_option_Generic2dOscillator_noise&quot;: &quot;Noise&quot;, &quot;model_parameters_option_Generic2dOscillator_f&quot;: &quot;[1.0]&quot;, &quot;model_parameters_option_Generic2dOscillator_g&quot;: &quot;[0.0]&quot;, &quot;model_parameters_option_Generic2dOscillator_noise_parameters_option_Noise_random_stream_parameters_option_RandomStream_init_seed&quot;: &quot;42&quot;, &quot;connectivity&quot;: &quot;c9e198d7-b656-11e3-b7ea-3c075431bf56&quot;, &quot;model_parameters_option_Generic2dOscillator_noise_parameters_option_Noise_random_stream&quot;: &quot;RandomStream&quot;, &quot;monitors_parameters_option_SphericalEEG_sensors&quot;: &quot;cafa75d1-b656-11e3-8b02-3c075431bf56&quot;, &quot;range_1&quot;: &quot;0&quot;, &quot;range_2&quot;: &quot;0&quot;, &quot;coupling_parameters_option_Linear_b&quot;: &quot;[0.0]&quot;, &quot;model_parameters_option_Generic2dOscillator_noise_parameters_option_Noise_ntau&quot;: &quot;0.0&quot;, &quot;coupling_parameters_option_Linear_a&quot;: &quot;[0.00390625]&quot;, &quot;model_parameters_option_Generic2dOscillator_state_variable_range_parameters_V&quot;: &quot;[-2.  4.]&quot;, &quot;coupling&quot;: &quot;Linear&quot;, &quot;integrator_parameters_option_HeunDeterministic_dt&quot;: &quot;0.01220703125&quot;, &quot;model_parameters_option_Generic2dOscillator_alpha&quot;: &quot;[1.0]&quot;, &quot;currentAlgoId&quot;: 62, &quot;model_parameters_option_Generic2dOscillator_tau&quot;: &quot;[1.0]&quot;, &quot;model_parameters_option_Generic2dOscillator_e&quot;: &quot;[3.0]&quot;, &quot;monitors_parameters_option_SphericalEEG_sigma&quot;: &quot;1.0&quot;, &quot;model_parameters_option_Generic2dOscillator_variables_of_interest&quot;: [&quot;V&quot;], &quot;monitors_parameters_option_EEG_projection_matrix_data&quot;: &quot;d6092914-b656-11e3-bc35-3c075431bf56&quot;, &quot;monitors_parameters_option_SphericalEEG_period&quot;: &quot;0.9765625&quot;, &quot;model&quot;: &quot;Generic2dOscillator&quot;}</parameters>
	<fk_launched_in>c92bcc54-b656-11e3-99d6-3c075431bf56</fk_launched_in>
	<fk_from_algo>{&quot;classname&quot;: &quot;SimulatorAdapter&quot;, &quot;identifier&quot;: null, &quot;init_parameter&quot;: null, &quot;module&quot;: &quot;tvb.adapters.simulator.simulator_adapter&quot;}</fk_from_algo>
	<additional_info></additional_info>
	<method_name>launch</method_name>
	<visible>True</visible>
	<completion_date>2014-03-28,14-20-12.042826</completion_date>
	<meta_data>{&quot;Data_State&quot;: &quot;INTERMEDIATE&quot;, &quot;Burst_Reference&quot;: 6}</meta_data>
	<user_group>2014-03-28,14-18-30</user_group>
	<result_disk_size>3996</result_disk_size>
	<gid>0eb37757-b673-11e3-928f-3c075431bf56</gid>
	<start_date>2014-03-28,14-18-30.017475</start_date>
</tvb_data>
